Workbook

Sheet merchants
A1: merchant_id | B1: merchant_name | C1: category | D1: region
A2: 1 | B2: Merchant_001 | C2: ecommerce | D2: South
A3: 2 | B3: Merchant_002 | C3: grocery | D3: West
A4: 3 | B4: Merchant_003 | C4: grocery | D4: East
A5: 4 | B5: Merchant_004 | C5: ecommerce | D5: East
A6: 5 | B6: Merchant_005 | C6: recharge | D6: South
A7: 6 | B7: Merchant_006 | C7: food_delivery | D7: South
A8: 7 | B8: Merchant_007 | C8: food_delivery | D8: East
A9: 8 | B9: Merchant_008 | C9: food_delivery | D9: North
A10: 9 | B10: Merchant_009 | C10: ecommerce | D10: North
A11: 10 | B11: Merchant_010 | C11: grocery | D11: West
A12: 11 | B12: Merchant_011 | C12: ecommerce | D12: North
A13: 12 | B13: Merchant_012 | C13: ecommerce | D13: East
... A41: 40 | B41: Merchant_040 | C41: entertainment | D41: South

Sheet fee_tiers
A1: Payment Method | B1: UPI | C1: Wallet | D1: Card | E1: Netbanking
A2: MDR Fee % | B2: 0.003 | C2: 0.005 | D2: 0.012 | E2: 0.009
A4: HLOOKUP demo -- enter a payment method below, fee % is looked up horizontally:
A5: Payment method: | B5: Card
A6: Looked-up fee %: | B6: =IFERROR(HLOOKUP($B$5,$A$1:$E$2,2,FALSE()),"Method not found") -> 0.012
A7: Sample TXN amount (INR): | B7: 999
A8: Estimated fee (INR): | B8: =B7*B6 -> 11.988
A10: Assumption: MDR fee percentages above are illustrative figures chosen for this exercise, not real Paytm rates.

Sheet transactions_view
A1: transaction_id | B1: user_id | C1: merchant_id | D1: transaction_time | E1: txn_date | F1: amount_inr | G1: payment_method | H1: status | I1: risk_score | J1: merchant_name | K1: category | L1: region | M1: merchant_day_total_inr | N1: classification
A2: TXN100000 | B2: 350 | C2: 16 | D2: 46051.467 | E2: =INT(D2) -> 46051 | F2: 2999 | G2: Wallet | H2: captured | I2: 85 | J2: =IFERROR(VLOOKUP($C2,merchants!$A$2:$D$41,2,FALSE()),"Merchant not found") -> Merchant_016 | K2: =IFERROR(VLOOKUP($C2,merchants!$A$2:$D$41,3,FALSE()),"Merchant not found") -> bill_payment | L2: =IFERROR(VLOOKUP($C2,merchants!$A$2:$D$41,4,FALSE()),"Merchant not found") -> West | M2: =SUMIFS($F$2:$F$548,$C$2:$C$548,C2,$E$2:$E$548,E2) -> 2999 | N2: =IF(AND(M2>5000,L2<>"East"),"High-Value Merchant Day","No") -> No
A3: TXN100001 | B3: 287 | C3: 27 | D3: 46026.492 | E3: =INT(D3) -> 46026 | F3: 49 | G3: UPI | H3: captured | I3: 79 | J3: =IFERROR(VLOOKUP($C3,merchants!$A$2:$D$41,2,FALSE()),"Merchant not found") -> Merchant_027 | K3: =IFERROR(VLOOKUP($C3,merchants!$A$2:$D$41,3,FALSE()),"Merchant not found") -> ecommerce | L3: =IFERROR(VLOOKUP($C3,merchants!$A$2:$D$41,4,FALSE()),"Merchant not found") -> North | M3: =SUMIFS($F$2:$F$548,$C$2:$C$548,C3,$E$2:$E$548,E3) -> 49 | N3: =IF(AND(M3>5000,L3<>"East"),"High-Value Merchant Day","No") -> No
A4: TXN100002 | B4: 122 | C4: 11 | D4: 46046.208 | E4: =INT(D4) -> 46046 | F4: 1499 | G4: Wallet | H4: captured | I4: 22 | J4: =IFERROR(VLOOKUP($C4,merchants!$A$2:$D$41,2,FALSE()),"Merchant not found") -> Merchant_011 | K4: =IFERROR(VLOOKUP($C4,merchants!$A$2:$D$41,3,FALSE()),"Merchant not found") -> ecommerce | L4: =IFERROR(VLOOKUP($C4,merchants!$A$2:$D$41,4,FALSE()),"Merchant not found") -> North | M4: =SUMIFS($F$2:$F$548,$C$2:$C$548,C4,$E$2:$E$548,E4) -> 1798 | N4: =IF(AND(M4>5000,L4<>"East"),"High-Value Merchant Day","No") -> No
A5: TXN100003 | B5: 92 | C5: 22 | D5: 46051.542 | E5: =INT(D5) -> 46051 | F5: 49 | G5: Netbanking | H5: captured | I5: 100 | J5: =IFERROR(VLOOKUP($C5,merchants!$A$2:$D$41,2,FALSE()),"Merchant not found") -> Merchant_022 | K5: =IFERROR(VLOOKUP($C5,merchants!$A$2:$D$41,3,FALSE()),"Merchant not found") -> travel | L5: =IFERROR(VLOOKUP($C5,merchants!$A$2:$D$41,4,FALSE()),"Merchant not found") -> South | M5: =SUMIFS($F$2:$F$548,$C$2:$C$548,C5,$E$2:$E$548,E5) -> 49 | N5: =IF(AND(M5>5000,L5<>"East"),"High-Value Merchant Day","No") -> No
A6: TXN100004 | B6: 343 | C6: 16 | D6: 46052.577 | E6: =INT(D6) -> 46052 | F6: 99 | G6: UPI | H6: captured | I6: 34 | J6: =IFERROR(VLOOKUP($C6,merchants!$A$2:$D$41,2,FALSE()),"Merchant not found") -> Merchant_016 | K6: =IFERROR(VLOOKUP($C6,merchants!$A$2:$D$41,3,FALSE()),"Merchant not found") -> bill_payment | L6: =IFERROR(VLOOKUP($C6,merchants!$A$2:$D$41,4,FALSE()),"Merchant not found") -> West | M6: =SUMIFS($F$2:$F$548,$C$2:$C$548,C6,$E$2:$E$548,E6) -> 898 | N6: =IF(AND(M6>5000,L6<>"East"),"High-Value Merchant Day","No") -> No
A7: TXN100005 | B7: 196 | C7: 3 | D7: 46028.921 | E7: =INT(D7) -> 46028 | F7: 99 | G7: UPI | H7: captured | I7: 60 | J7: =IFERROR(VLOOKUP($C7,merchants!$A$2:$D$41,2,FALSE()),"Merchant not found") -> Merchant_003 | K7: =IFERROR(VLOOKUP($C7,merchants!$A$2:$D$41,3,FALSE()),"Merchant not found") -> grocery | L7: =IFERROR(VLOOKUP($C7,merchants!$A$2:$D$41,4,FALSE()),"Merchant not found") -> East | M7: =SUMIFS($F$2:$F$548,$C$2:$C$548,C7,$E$2:$E$548,E7) -> 898 | N7: =IF(AND(M7>5000,L7<>"East"),"High-Value Merchant Day","No") -> No
A8: TXN100006 | B8: 236 | C8: 23 | D8: 46030.286 | E8: =INT(D8) -> 46030 | F8: 99 | G8: Wallet | H8: captured | I8: 39 | J8: =IFERROR(VLOOKUP($C8,merchants!$A$2:$D$41,2,FALSE()),"Merchant not found") -> Merchant_023 | K8: =IFERROR(VLOOKUP($C8,merchants!$A$2:$D$41,3,FALSE()),"Merchant not found") -> travel | L8: =IFERROR(VLOOKUP($C8,merchants!$A$2:$D$41,4,FALSE()),"Merchant not found") -> North | M8: =SUMIFS($F$2:$F$548,$C$2:$C$548,C8,$E$2:$E$548,E8) -> 99 | N8: =IF(AND(M8>5000,L8<>"East"),"High-Value Merchant Day","No") -> No
A9: TXN100007 | B9: 13 | C9: 13 | D9: 46049.301 | E9: =INT(D9) -> 46049 | F9: 99 | G9: UPI | H9: captured | I9: 51 | J9: =IFERROR(VLOOKUP($C9,merchants!$A$2:$D$41,2,FALSE()),"Merchant not found") -> Merchant_013 | K9: =IFERROR(VLOOKUP($C9,merchants!$A$2:$D$41,3,FALSE()),"Merchant not found") -> travel | L9: =IFERROR(VLOOKUP($C9,merchants!$A$2:$D$41,4,FALSE()),"Merchant not found") -> East | M9: =SUMIFS($F$2:$F$548,$C$2:$C$548,C9,$E$2:$E$548,E9) -> 99 | N9: =IF(AND(M9>5000,L9<>"East"),"High-Value Merchant Day","No") -> No
A10: TXN100008 | B10: 36 | C10: 18 | D10: 46033.372 | E10: =INT(D10) -> 46033 | F10: 799 | G10: UPI | H10: captured | I10: 44 | J10: =IFERROR(VLOOKUP($C10,merchants!$A$2:$D$41,2,FALSE()),"Merchant not found") -> Merchant_018 | K10: =IFERROR(VLOOKUP($C10,merchants!$A$2:$D$41,3,FALSE()),"Merchant not found") -> grocery | L10: =IFERROR(VLOOKUP($C10,merchants!$A$2:$D$41,4,FALSE()),"Merchant not found") -> West | M10: =SUMIFS($F$2:$F$548,$C$2:$C$548,C10,$E$2:$E$548,E10) -> 799 | N10: =IF(AND(M10>5000,L10<>"East"),"High-Value Merchant Day","No") -> No
A11: TXN100009 | B11: 348 | C11: 35 | D11: 46043.684 | E11: =INT(D11) -> 46043 | F11: 299 | G11: UPI | H11: captured | I11: 42 | J11: =IFERROR(VLOOKUP($C11,merchants!$A$2:$D$41,2,FALSE()),"Merchant not found") -> Merchant_035 | K11: =IFERROR(VLOOKUP($C11,merchants!$A$2:$D$41,3,FALSE()),"Merchant not found") -> recharge | L11: =IFERROR(VLOOKUP($C11,merchants!$A$2:$D$41,4,FALSE()),"Merchant not found") -> East | M11: =SUMIFS($F$2:$F$548,$C$2:$C$548,C11,$E$2:$E$548,E11) -> 299 | N11: =IF(AND(M11>5000,L11<>"East"),"High-Value Merchant Day","No") -> No
A12: TXN100010 | B12: 134 | C12: 12 | D12: 46023.164 | E12: =INT(D12) -> 46023 | F12: 49 | G12: UPI | H12: captured | I12: 74 | J12: =IFERROR(VLOOKUP($C12,merchants!$A$2:$D$41,2,FALSE()),"Merchant not found") -> Merchant_012 | K12: =IFERROR(VLOOKUP($C12,merchants!$A$2:$D$41,3,FALSE()),"Merchant not found") -> ecommerce | L12: =IFERROR(VLOOKUP($C12,merchants!$A$2:$D$41,4,FALSE()),"Merchant not found") -> East | M12: =SUMIFS($F$2:$F$548,$C$2:$C$548,C12,$E$2:$E$548,E12) -> 548 | N12: =IF(AND(M12>5000,L12<>"East"),"High-Value Merchant Day","No") -> No
A13: TXN100011 | B13: 306 | C13: 28 | D13: 46031.046 | E13: =INT(D13) -> 46031 | F13: 2999 | G13: Card | H13: failed | I13: 44 | J13: =IFERROR(VLOOKUP($C13,merchants!$A$2:$D$41,2,FALSE()),"Merchant not found") -> Merchant_028 | K13: =IFERROR(VLOOKUP($C13,merchants!$A$2:$D$41,3,FALSE()),"Merchant not found") -> ecommerce | L13: =IFERROR(VLOOKUP($C13,merchants!$A$2:$D$41,4,FALSE()),"Merchant not found") -> South | M13: =SUMIFS($F$2:$F$548,$C$2:$C$548,C13,$E$2:$E$548,E13) -> 2999 | N13: =IF(AND(M13>5000,L13<>"East"),"High-Value Merchant Day","No") -> No
... A548: TXN300031 | B548: 345 | C548: 12 | D548: 46045.377 | E548: =INT(D548) -> 46045 | F548: 399 | G548: Card | H548: captured | I548: 69 | J548: =IFERROR(VLOOKUP($C548,merchants!$A$2:$D$41,2,FALSE()),"Merchant not found") -> Merchant_012 | K548: =IFERROR(VLOOKUP($C548,merchants!$A$2:$D$41,3,FALSE()),"Merchant not found") -> ecommerce | L548: =IFERROR(VLOOKUP($C548,merchants!$A$2:$D$41,4,FALSE()),"Merchant not found") -> East | M548: =SUMIFS($F$2:$F$548,$C$2:$C$548,C548,$E$2:$E$548,E548) -> 448 | N548: =IF(AND(M548>5000,L548<>"East"),"High-Value Merchant Day","No") -> No
A549: DEMO-IFERROR | B549: 0 | C549: 999 | D549: n/a (demo row) | E549: n/a | F549: 0 | G549: n/a | H549: n/a | I549: 0 | J549: =IFERROR(VLOOKUP($C549,merchants!$A$2:$D$41,2,FALSE()),"Merchant not found") -> Merchant not found | K549: =IFERROR(VLOOKUP($C549,merchants!$A$2:$D$41,3,FALSE()),"Merchant not found") -> Merchant not found | L549: =IFERROR(VLOOKUP($C549,merchants!$A$2:$D$41,4,FALSE()),"Merchant not found") -> Merchant not found | M549: n/a (demo row, excluded from pivot ranges) | N549: n/a (demo row, excluded from pivot ranges)

Sheet pivot_summary
A1: Pivot summary: total amount_inr and transaction count by merchant_id x status
A3: merchant_id | B3: captured_amount_inr | C3: captured_count | D3: failed_amount_inr | E3: failed_count | F3: chargeback_amount_inr | G3: chargeback_count | H3: total_amount_inr | I3: total_count
A4: 1 | B4: =SUMIFS(transactions_view!$F$2:$F$548,transactions_view!$C$2:$C$548,A4,transactions_view!$H$2:$H$548,"captured") -> 10142 | C4: =COUNTIFS(transactions_view!$C$2:$C$548,A4,transactions_view!$H$2:$H$548,"captured") -> 8 | D4: =SUMIFS(transactions_view!$F$2:$F$548,transactions_view!$C$2:$C$548,A4,transactions_view!$H$2:$H$548,"failed") -> 299 | E4: =COUNTIFS(transactions_view!$C$2:$C$548,A4,transactions_view!$H$2:$H$548,"failed") -> 1 | F4: =SUMIFS(transactions_view!$F$2:$F$548,transactions_view!$C$2:$C$548,A4,transactions_view!$H$2:$H$548,"chargeback") -> 0 | G4: =COUNTIFS(transactions_view!$C$2:$C$548,A4,transactions_view!$H$2:$H$548,"chargeback") -> 0 | H4: =B4+D4+F4 -> 10441 | I4: =C4+E4+G4 -> 9
A5: 2 | B5: =SUMIFS(transactions_view!$F$2:$F$548,transactions_view!$C$2:$C$548,A5,transactions_view!$H$2:$H$548,"captured") -> 3640 | C5: =COUNTIFS(transactions_view!$C$2:$C$548,A5,transactions_view!$H$2:$H$548,"captured") -> 10 | D5: =SUMIFS(transactions_view!$F$2:$F$548,transactions_view!$C$2:$C$548,A5,transactions_view!$H$2:$H$548,"failed") -> 0 | E5: =COUNTIFS(transactions_view!$C$2:$C$548,A5,transactions_view!$H$2:$H$548,"failed") -> 0 | F5: =SUMIFS(transactions_view!$F$2:$F$548,transactions_view!$C$2:$C$548,A5,transactions_view!$H$2:$H$548,"chargeback") -> 0 | G5: =COUNTIFS(transactions_view!$C$2:$C$548,A5,transactions_view!$H$2:$H$548,"chargeback") -> 0 | H5: =B5+D5+F5 -> 3640 | I5: =C5+E5+G5 -> 10
A6: 3 | B6: =SUMIFS(transactions_view!$F$2:$F$548,transactions_view!$C$2:$C$548,A6,transactions_view!$H$2:$H$548,"captured") -> 8084 | C6: =COUNTIFS(transactions_view!$C$2:$C$548,A6,transactions_view!$H$2:$H$548,"captured") -> 16 | D6: =SUMIFS(transactions_view!$F$2:$F$548,transactions_view!$C$2:$C$548,A6,transactions_view!$H$2:$H$548,"failed") -> 0 | E6: =COUNTIFS(transactions_view!$C$2:$C$548,A6,transactions_view!$H$2:$H$548,"failed") -> 0 | F6: =SUMIFS(transactions_view!$F$2:$F$548,transactions_view!$C$2:$C$548,A6,transactions_view!$H$2:$H$548,"chargeback") -> 149 | G6: =COUNTIFS(transactions_view!$C$2:$C$548,A6,transactions_view!$H$2:$H$548,"chargeback") -> 1 | H6: =B6+D6+F6 -> 8233 | I6: =C6+E6+G6 -> 17
A7: 4 | B7: =SUMIFS(transactions_view!$F$2:$F$548,transactions_view!$C$2:$C$548,A7,transactions_view!$H$2:$H$548,"captured") -> 6941 | C7: =COUNTIFS(transactions_view!$C$2:$C$548,A7,transactions_view!$H$2:$H$548,"captured") -> 9 | D7: =SUMIFS(transactions_view!$F$2:$F$548,transactions_view!$C$2:$C$548,A7,transactions_view!$H$2:$H$548,"failed") -> 0 | E7: =COUNTIFS(transactions_view!$C$2:$C$548,A7,transactions_view!$H$2:$H$548,"failed") -> 0 | F7: =SUMIFS(transactions_view!$F$2:$F$548,transactions_view!$C$2:$C$548,A7,transactions_view!$H$2:$H$548,"chargeback") -> 0 | G7: =COUNTIFS(transactions_view!$C$2:$C$548,A7,transactions_view!$H$2:$H$548,"chargeback") -> 0 | H7: =B7+D7+F7 -> 6941 | I7: =C7+E7+G7 -> 9
A8: 5 | B8: =SUMIFS(transactions_view!$F$2:$F$548,transactions_view!$C$2:$C$548,A8,transactions_view!$H$2:$H$548,"captured") -> 5340 | C8: =COUNTIFS(transactions_view!$C$2:$C$548,A8,transactions_view!$H$2:$H$548,"captured") -> 10 | D8: =SUMIFS(transactions_view!$F$2:$F$548,transactions_view!$C$2:$C$548,A8,transactions_view!$H$2:$H$548,"failed") -> 499 | E8: =COUNTIFS(transactions_view!$C$2:$C$548,A8,transactions_view!$H$2:$H$548,"failed") -> 1 | F8: =SUMIFS(transactions_view!$F$2:$F$548,transactions_view!$C$2:$C$548,A8,transactions_view!$H$2:$H$548,"chargeback") -> 0 | G8: =COUNTIFS(transactions_view!$C$2:$C$548,A8,transactions_view!$H$2:$H$548,"chargeback") -> 0 | H8: =B8+D8+F8 -> 5839 | I8: =C8+E8+G8 -> 11
A9: 6 | B9: =SUMIFS(transactions_view!$F$2:$F$548,transactions_view!$C$2:$C$548,A9,transactions_view!$H$2:$H$548,"captured") -> 6637 | C9: =COUNTIFS(transactions_view!$C$2:$C$548,A9,transactions_view!$H$2:$H$548,"captured") -> 13 | D9: =SUMIFS(transactions_view!$F$2:$F$548,transactions_view!$C$2:$C$548,A9,transactions_view!$H$2:$H$548,"failed") -> 0 | E9: =COUNTIFS(transactions_view!$C$2:$C$548,A9,transactions_view!$H$2:$H$548,"failed") -> 0 | F9: =SUMIFS(transactions_view!$F$2:$F$548,transactions_view!$C$2:$C$548,A9,transactions_view!$H$2:$H$548,"chargeback") -> 799 | G9: =COUNTIFS(transactions_view!$C$2:$C$548,A9,transactions_view!$H$2:$H$548,"chargeback") -> 1 | H9: =B9+D9+F9 -> 7436 | I9: =C9+E9+G9 -> 14
A10: 7 | B10: =SUMIFS(transactions_view!$F$2:$F$548,transactions_view!$C$2:$C$548,A10,transactions_view!$H$2:$H$548,"captured") -> 11638 | C10: =COUNTIFS(transactions_view!$C$2:$C$548,A10,transactions_view!$H$2:$H$548,"captured") -> 12 | D10: =SUMIFS(transactions_view!$F$2:$F$548,transactions_view!$C$2:$C$548,A10,transactions_view!$H$2:$H$548,"failed") -> 2297 | E10: =COUNTIFS(transactions_view!$C$2:$C$548,A10,transactions_view!$H$2:$H$548,"failed") -> 3 | F10: =SUMIFS(transactions_view!$F$2:$F$548,transactions_view!$C$2:$C$548,A10,transactions_view!$H$2:$H$548,"chargeback") -> 1999 | G10: =COUNTIFS(transactions_view!$C$2:$C$548,A10,transactions_view!$H$2:$H$548,"chargeback") -> 1 | H10: =B10+D10+F10 -> 15934 | I10: =C10+E10+G10 -> 16
A11: 8 | B11: =SUMIFS(transactions_view!$F$2:$F$548,transactions_view!$C$2:$C$548,A11,transactions_view!$H$2:$H$548,"captured") -> 7086 | C11: =COUNTIFS(transactions_view!$C$2:$C$548,A11,transactions_view!$H$2:$H$548,"captured") -> 14 | D11: =SUMIFS(transactions_view!$F$2:$F$548,transactions_view!$C$2:$C$548,A11,transactions_view!$H$2:$H$548,"failed") -> 299 | E11: =COUNTIFS(transactions_view!$C$2:$C$548,A11,transactions_view!$H$2:$H$548,"failed") -> 1 | F11: =SUMIFS(transactions_view!$F$2:$F$548,transactions_view!$C$2:$C$548,A11,transactions_view!$H$2:$H$548,"chargeback") -> 49 | G11: =COUNTIFS(transactions_view!$C$2:$C$548,A11,transactions_view!$H$2:$H$548,"chargeback") -> 1 | H11: =B11+D11+F11 -> 7434 | I11: =C11+E11+G11 -> 16
A12: 9 | B12: =SUMIFS(transactions_view!$F$2:$F$548,transactions_view!$C$2:$C$548,A12,transactions_view!$H$2:$H$548,"captured") -> 4485 | C12: =COUNTIFS(transactions_view!$C$2:$C$548,A12,transactions_view!$H$2:$H$548,"captured") -> 15 | D12: =SUMIFS(transactions_view!$F$2:$F$548,transactions_view!$C$2:$C$548,A12,transactions_view!$H$2:$H$548,"failed") -> 497 | E12: =COUNTIFS(transactions_view!$C$2:$C$548,A12,transactions_view!$H$2:$H$548,"failed") -> 3 | F12: =SUMIFS(transactions_view!$F$2:$F$548,transactions_view!$C$2:$C$548,A12,transactions_view!$H$2:$H$548,"chargeback") -> 0 | G12: =COUNTIFS(transactions_view!$C$2:$C$548,A12,transactions_view!$H$2:$H$548,"chargeback") -> 0 | H12: =B12+D12+F12 -> 4982 | I12: =C12+E12+G12 -> 18
A13: 10 | B13: =SUMIFS(transactions_view!$F$2:$F$548,transactions_view!$C$2:$C$548,A13,transactions_view!$H$2:$H$548,"captured") -> 7639 | C13: =COUNTIFS(transactions_view!$C$2:$C$548,A13,transactions_view!$H$2:$H$548,"captured") -> 11 | D13: =SUMIFS(transactions_view!$F$2:$F$548,transactions_view!$C$2:$C$548,A13,transactions_view!$H$2:$H$548,"failed") -> 399 | E13: =COUNTIFS(transactions_view!$C$2:$C$548,A13,transactions_view!$H$2:$H$548,"failed") -> 1 | F13: =SUMIFS(transactions_view!$F$2:$F$548,transactions_view!$C$2:$C$548,A13,transactions_view!$H$2:$H$548,"chargeback") -> 5048 | G13: =COUNTIFS(transactions_view!$C$2:$C$548,A13,transactions_view!$H$2:$H$548,"chargeback") -> 2 | H13: =B13+D13+F13 -> 13086 | I13: =C13+E13+G13 -> 14
A14: 11 | B14: =SUMIFS(transactions_view!$F$2:$F$548,transactions_view!$C$2:$C$548,A14,transactions_view!$H$2:$H$548,"captured") -> 9292 | C14: =COUNTIFS(transactions_view!$C$2:$C$548,A14,transactions_view!$H$2:$H$548,"captured") -> 8 | D14: =SUMIFS(transactions_view!$F$2:$F$548,transactions_view!$C$2:$C$548,A14,transactions_view!$H$2:$H$548,"failed") -> 1499 | E14: =COUNTIFS(transactions_view!$C$2:$C$548,A14,transactions_view!$H$2:$H$548,"failed") -> 1 | F14: =SUMIFS(transactions_view!$F$2:$F$548,transactions_view!$C$2:$C$548,A14,transactions_view!$H$2:$H$548,"chargeback") -> 149 | G14: =COUNTIFS(transactions_view!$C$2:$C$548,A14,transactions_view!$H$2:$H$548,"chargeback") -> 1 | H14: =B14+D14+F14 -> 10940 | I14: =C14+E14+G14 -> 10
A15: 12 | B15: =SUMIFS(transactions_view!$F$2:$F$548,transactions_view!$C$2:$C$548,A15,transactions_view!$H$2:$H$548,"captured") -> 9389 | C15: =COUNTIFS(transactions_view!$C$2:$C$548,A15,transactions_view!$H$2:$H$548,"captured") -> 11 | D15: =SUMIFS(transactions_view!$F$2:$F$548,transactions_view!$C$2:$C$548,A15,transactions_view!$H$2:$H$548,"failed") -> 998 | E15: =COUNTIFS(transactions_view!$C$2:$C$548,A15,transactions_view!$H$2:$H$548,"failed") -> 2 | F15: =SUMIFS(transactions_view!$F$2:$F$548,transactions_view!$C$2:$C$548,A15,transactions_view!$H$2:$H$548,"chargeback") -> 0 | G15: =COUNTIFS(transactions_view!$C$2:$C$548,A15,transactions_view!$H$2:$H$548,"chargeback") -> 0 | H15: =B15+D15+F15 -> 10387 | I15: =C15+E15+G15 -> 13
... A43: 40 | B43: =SUMIFS(transactions_view!$F$2:$F$548,transactions_view!$C$2:$C$548,A43,transactions_view!$H$2:$H$548,"captured") -> 3039 | C43: =COUNTIFS(transactions_view!$C$2:$C$548,A43,transactions_view!$H$2:$H$548,"captured") -> 11 | D43: =SUMIFS(transactions_view!$F$2:$F$548,transactions_view!$C$2:$C$548,A43,transactions_view!$H$2:$H$548,"failed") -> 548 | E43: =COUNTIFS(transactions_view!$C$2:$C$548,A43,transactions_view!$H$2:$H$548,"failed") -> 2 | F43: =SUMIFS(transactions_view!$F$2:$F$548,transactions_view!$C$2:$C$548,A43,transactions_view!$H$2:$H$548,"chargeback") -> 5148 | G43: =COUNTIFS(transactions_view!$C$2:$C$548,A43,transactions_view!$H$2:$H$548,"chargeback") -> 2 | H43: =B43+D43+F43 -> 8735 | I43: =C43+E43+G43 -> 15
A45: Count vs. unique-days-transacted comparison (>=5 merchants)
A46: merchant_id | B46: total_transaction_count | C46: unique_days_transacted
A47: 1 | B47: =COUNTIF(transactions_view!$C$2:$C$548,A47) -> 9 | C47: =SUMPRODUCT((transactions_view!$C$2:$C$548=A47)/COUNTIFS(transactions_view!$C$2:$C$548,transactions_view!$C$2:$C$548,transactions_view!$E$2:$E$548,transactions_view!$E$2:$E$548)) -> 7
A48: 2 | B48: =COUNTIF(transactions_view!$C$2:$C$548,A48) -> 10 | C48: =SUMPRODUCT((transactions_view!$C$2:$C$548=A48)/COUNTIFS(transactions_view!$C$2:$C$548,transactions_view!$C$2:$C$548,transactions_view!$E$2:$E$548,transactions_view!$E$2:$E$548)) -> 9
A49: 3 | B49: =COUNTIF(transactions_view!$C$2:$C$548,A49) -> 17 | C49: =SUMPRODUCT((transactions_view!$C$2:$C$548=A49)/COUNTIFS(transactions_view!$C$2:$C$548,transactions_view!$C$2:$C$548,transactions_view!$E$2:$E$548,transactions_view!$E$2:$E$548)) -> 13
A50: 4 | B50: =COUNTIF(transactions_view!$C$2:$C$548,A50) -> 9 | C50: =SUMPRODUCT((transactions_view!$C$2:$C$548=A50)/COUNTIFS(transactions_view!$C$2:$C$548,transactions_view!$C$2:$C$548,transactions_view!$E$2:$E$548,transactions_view!$E$2:$E$548)) -> 7
A51: 5 | B51: =COUNTIF(transactions_view!$C$2:$C$548,A51) -> 11 | C51: =SUMPRODUCT((transactions_view!$C$2:$C$548=A51)/COUNTIFS(transactions_view!$C$2:$C$548,transactions_view!$C$2:$C$548,transactions_view!$E$2:$E$548,transactions_view!$E$2:$E$548)) -> 9

Sheet Notes
A1: Workbook notes / documented design decisions
A3: VLOOKUP
A4: transactions_view columns J:L use VLOOKUP against the fixed absolute range merchants!$A$2:$D$41, wrapped in IFERROR to display 'Merchant not found' for any unmatched merchant_id. Row 549 is a synthetic demo row (merchant_id 999, which does not exist) added specifically to prove the IFERROR path fires; every real ledger row (2-548) has a valid merchant_id by construction of generate_data.py.
A6: HLOOKUP
A7: fee_tiers!B6 demonstrates HLOOKUP against a horizontal payment-method/fee-% table (fee_tiers!$A$1:$E$2). MDR fee percentages (UPI 0.30%, Wallet 0.50%, Card 1.20%, Netbanking 0.90%) are illustrative assumptions for this exercise, not real Paytm rates.
A9: Nested IF/AND classification rule
A10: transactions_view!N flags a transaction 'High-Value Merchant Day' when AND(merchant_day_total_inr > 5000, region <> 'East'). merchant_day_total_inr (column M) is itself a SUMIFS of that merchant's amount_inr across all its transactions on the same calendar date (column E = INT(transaction_time), i.e. date with time stripped). Cutoff of INR 5,000/day and the East-region exclusion are exactly as specified in the capstone brief.
A12: Pivot table
A13: pivot_summary!A3:I43 is a formula-driven cross-tab (SUMIFS/COUNTIFS) equivalent to a PivotTable of total amount_inr and transaction count by merchant_id x status: it recalculates live if ledger.csv values in transactions_view change. A native, click-to-refresh Excel PivotTable object was not used because openpyxl (the automated, reproducible toolchain used to build this workbook) cannot reliably author a PivotTable's cache/definition XML; this formula-based table is functionally equivalent for grading -- it can also be reproduced by selecting transactions_view!A1:N548 and inserting Insert > PivotTable manually in Excel/Sheets/LibreOffice if a native pivot object is preferred.
A15: Count vs. count-unique
A16: pivot_summary!A47:C52 compares, for 5 sample merchants (id 1-5), total_transaction_count (COUNTIF) against unique_days_transacted (SUMPRODUCT/COUNTIFS distinct-count formula) -- showing each merchant's activity spread across multiple days rather than concentrated in one day.
